Group,Task,AR_Order_Mean,AR_Order_Std,Theta_Power,Alpha_Power,Beta_Power
G,Pre,19.928571428571427,0.3375582590180435,14.771049971498773,2.4302450543622163,0.18236722811026132
G,Post,19.904761904761905,0.3657688451366004,7.395294691554652,1.9237384317440136,0.1260111506215906
B,Pre,19.904761904761905,0.2935435239509036,8.171572237703046,1.3091126718849782,0.1075395141140882
B,Post,19.833333333333332,0.37267799624996495,5.398121091982503,1.3265648932768443,0.14774604354659737
